response_code,responseheaders,response cookies,response.text,response.content
401,"{'cache-control': 'no-cache, no-store, max-age=0, must-revalidate', 'content-length': '0', 'date': 'Sun, 16 Mar 2025 22:50:43 GMT', 'expires': '0', 'pragma': 'no-cache', 'server': 'SAP', 'www-authenticate': 'Bearer error=""invalid_token"", error_description=""The token is invalid: Jwt expired at 2025-03-16T22:36:31Z, time now: 2025-03-16T22:50:43.052Z"", error_uri=""https://tools.ietf.org/html/rfc6750#section-3.1""', 'x-content-type-options': 'nosniff', 'x-frame-options': 'DENY', 'x-vcap-request-id': 'c7c3792f-4da7-46f7-62a9-a8c582d3d818', 'x-xss-protection': '1; mode=block', 'strict-transport-security': 'max-age=31536000; includeSubDomains; preload;'}",<RequestsCookieJar[]>,,b''
401,"{'cache-control': 'no-cache, no-store, max-age=0, must-revalidate', 'content-length': '0', 'date': 'Sun, 16 Mar 2025 22:50:43 GMT', 'expires': '0', 'pragma': 'no-cache', 'server': 'SAP', 'www-authenticate': 'Bearer error=""invalid_token"", error_description=""The token is invalid: Jwt expired at 2025-03-16T22:36:31Z, time now: 2025-03-16T22:50:43.575Z"", error_uri=""https://tools.ietf.org/html/rfc6750#section-3.1""', 'x-content-type-options': 'nosniff', 'x-frame-options': 'DENY', 'x-vcap-request-id': 'b851a3ad-0e8b-4e63-4acc-c14d98fed4fc', 'x-xss-protection': '1; mode=block', 'strict-transport-security': 'max-age=31536000; includeSubDomains; preload;'}",<RequestsCookieJar[]>,,b''
401,"{'cache-control': 'no-cache, no-store, max-age=0, must-revalidate', 'content-length': '0', 'date': 'Sun, 16 Mar 2025 22:50:43 GMT', 'expires': '0', 'pragma': 'no-cache', 'server': 'SAP', 'www-authenticate': 'Bearer error=""invalid_token"", error_description=""The token is invalid: Jwt expired at 2025-03-16T22:36:31Z, time now: 2025-03-16T22:50:43.790Z"", error_uri=""https://tools.ietf.org/html/rfc6750#section-3.1""', 'x-content-type-options': 'nosniff', 'x-frame-options': 'DENY', 'x-vcap-request-id': '7e095f4f-9d45-477c-72c9-13b34dfaaf7d', 'x-xss-protection': '1; mode=block', 'strict-transport-security': 'max-age=31536000; includeSubDomains; preload;'}",<RequestsCookieJar[]>,,b''
401,"{'cache-control': 'no-cache, no-store, max-age=0, must-revalidate', 'content-length': '0', 'date': 'Sun, 16 Mar 2025 22:50:43 GMT', 'expires': '0', 'pragma': 'no-cache', 'server': 'SAP', 'www-authenticate': 'Bearer error=""invalid_token"", error_description=""The token is invalid: Jwt expired at 2025-03-16T22:36:31Z, time now: 2025-03-16T22:50:43.976Z"", error_uri=""https://tools.ietf.org/html/rfc6750#section-3.1""', 'x-content-type-options': 'nosniff', 'x-frame-options': 'DENY', 'x-vcap-request-id': '9c34efcf-fcc7-4b21-5e69-8afff8418dbe', 'x-xss-protection': '1; mode=block', 'strict-transport-security': 'max-age=31536000; includeSubDomains; preload;'}",<RequestsCookieJar[]>,,b''
401,"{'cache-control': 'no-cache, no-store, max-age=0, must-revalidate', 'content-length': '0', 'date': 'Sun, 16 Mar 2025 22:50:44 GMT', 'expires': '0', 'pragma': 'no-cache', 'server': 'SAP', 'www-authenticate': 'Bearer error=""invalid_token"", error_description=""The token is invalid: Jwt expired at 2025-03-16T22:36:31Z, time now: 2025-03-16T22:50:44.190Z"", error_uri=""https://tools.ietf.org/html/rfc6750#section-3.1""', 'x-content-type-options': 'nosniff', 'x-frame-options': 'DENY', 'x-vcap-request-id': '71565b37-cfd0-4d84-6202-acd3a31001ff', 'x-xss-protection': '1; mode=block', 'strict-transport-security': 'max-age=31536000; includeSubDomains; preload;'}",<RequestsCookieJar[]>,,b''
401,"{'cache-control': 'no-cache, no-store, max-age=0, must-revalidate', 'content-length': '0', 'date': 'Sun, 16 Mar 2025 22:50:44 GMT', 'expires': '0', 'pragma': 'no-cache', 'server': 'SAP', 'www-authenticate': 'Bearer error=""invalid_token"", error_description=""The token is invalid: Jwt expired at 2025-03-16T22:36:31Z, time now: 2025-03-16T22:50:44.399Z"", error_uri=""https://tools.ietf.org/html/rfc6750#section-3.1""', 'x-content-type-options': 'nosniff', 'x-frame-options': 'DENY', 'x-vcap-request-id': '51b80a33-271f-4141-7ed2-8ec000d34e4e', 'x-xss-protection': '1; mode=block', 'strict-transport-security': 'max-age=31536000; includeSubDomains; preload;'}",<RequestsCookieJar[]>,,b''
401,"{'cache-control': 'no-cache, no-store, max-age=0, must-revalidate', 'content-length': '0', 'date': 'Sun, 16 Mar 2025 22:50:44 GMT', 'expires': '0', 'pragma': 'no-cache', 'server': 'SAP', 'www-authenticate': 'Bearer error=""invalid_token"", error_description=""The token is invalid: Jwt expired at 2025-03-16T22:36:31Z, time now: 2025-03-16T22:50:44.604Z"", error_uri=""https://tools.ietf.org/html/rfc6750#section-3.1""', 'x-content-type-options': 'nosniff', 'x-frame-options': 'DENY', 'x-vcap-request-id': '8f458f69-e199-4cb5-5fce-43bdfd1712c1', 'x-xss-protection': '1; mode=block', 'strict-transport-security': 'max-age=31536000; includeSubDomains; preload;'}",<RequestsCookieJar[]>,,b''
401,"{'cache-control': 'no-cache, no-store, max-age=0, must-revalidate', 'content-length': '0', 'date': 'Sun, 16 Mar 2025 22:50:44 GMT', 'expires': '0', 'pragma': 'no-cache', 'server': 'SAP', 'www-authenticate': 'Bearer error=""invalid_token"", error_description=""The token is invalid: Jwt expired at 2025-03-16T22:36:31Z, time now: 2025-03-16T22:50:44.822Z"", error_uri=""https://tools.ietf.org/html/rfc6750#section-3.1""', 'x-content-type-options': 'nosniff', 'x-frame-options': 'DENY', 'x-vcap-request-id': 'e77f3e61-b8f1-452b-7b3e-c2e092c8e0b3', 'x-xss-protection': '1; mode=block', 'strict-transport-security': 'max-age=31536000; includeSubDomains; preload;'}",<RequestsCookieJar[]>,,b''
401,"{'cache-control': 'no-cache, no-store, max-age=0, must-revalidate', 'content-length': '0', 'date': 'Sun, 16 Mar 2025 22:50:45 GMT', 'expires': '0', 'pragma': 'no-cache', 'server': 'SAP', 'www-authenticate': 'Bearer error=""invalid_token"", error_description=""The token is invalid: Jwt expired at 2025-03-16T22:36:31Z, time now: 2025-03-16T22:50:45.021Z"", error_uri=""https://tools.ietf.org/html/rfc6750#section-3.1""', 'x-content-type-options': 'nosniff', 'x-frame-options': 'DENY', 'x-vcap-request-id': '4276eae1-bb71-4460-48b0-5f04e8c20969', 'x-xss-protection': '1; mode=block', 'strict-transport-security': 'max-age=31536000; includeSubDomains; preload;'}",<RequestsCookieJar[]>,,b''
401,"{'cache-control': 'no-cache, no-store, max-age=0, must-revalidate', 'content-length': '0', 'date': 'Sun, 16 Mar 2025 22:50:45 GMT', 'expires': '0', 'pragma': 'no-cache', 'server': 'SAP', 'www-authenticate': 'Bearer error=""invalid_token"", error_description=""The token is invalid: Jwt expired at 2025-03-16T22:36:31Z, time now: 2025-03-16T22:50:45.243Z"", error_uri=""https://tools.ietf.org/html/rfc6750#section-3.1""', 'x-content-type-options': 'nosniff', 'x-frame-options': 'DENY', 'x-vcap-request-id': '80c77bb0-b812-4ef9-4ade-e7684ff0e561', 'x-xss-protection': '1; mode=block', 'strict-transport-security': 'max-age=31536000; includeSubDomains; preload;'}",<RequestsCookieJar[]>,,b''
401,"{'cache-control': 'no-cache, no-store, max-age=0, must-revalidate', 'content-length': '0', 'date': 'Sun, 16 Mar 2025 22:50:45 GMT', 'expires': '0', 'pragma': 'no-cache', 'server': 'SAP', 'www-authenticate': 'Bearer error=""invalid_token"", error_description=""The token is invalid: Jwt expired at 2025-03-16T22:36:31Z, time now: 2025-03-16T22:50:45.445Z"", error_uri=""https://tools.ietf.org/html/rfc6750#section-3.1""', 'x-content-type-options': 'nosniff', 'x-frame-options': 'DENY', 'x-vcap-request-id': '2e2b0756-2e57-4bfa-5f18-94fc8dc12ef7', 'x-xss-protection': '1; mode=block', 'strict-transport-security': 'max-age=31536000; includeSubDomains; preload;'}",<RequestsCookieJar[]>,,b''
401,"{'cache-control': 'no-cache, no-store, max-age=0, must-revalidate', 'content-length': '0', 'date': 'Sun, 16 Mar 2025 22:50:45 GMT', 'expires': '0', 'pragma': 'no-cache', 'server': 'SAP', 'www-authenticate': 'Bearer error=""invalid_token"", error_description=""The token is invalid: Jwt expired at 2025-03-16T22:36:31Z, time now: 2025-03-16T22:50:45.664Z"", error_uri=""https://tools.ietf.org/html/rfc6750#section-3.1""', 'x-content-type-options': 'nosniff', 'x-frame-options': 'DENY', 'x-vcap-request-id': 'e20c00ad-d8c4-4573-5e54-b9db8a3beeef', 'x-xss-protection': '1; mode=block', 'strict-transport-security': 'max-age=31536000; includeSubDomains; preload;'}",<RequestsCookieJar[]>,,b''
401,"{'cache-control': 'no-cache, no-store, max-age=0, must-revalidate', 'content-length': '0', 'date': 'Sun, 16 Mar 2025 22:50:45 GMT', 'expires': '0', 'pragma': 'no-cache', 'server': 'SAP', 'www-authenticate': 'Bearer error=""invalid_token"", error_description=""The token is invalid: Jwt expired at 2025-03-16T22:36:31Z, time now: 2025-03-16T22:50:45.870Z"", error_uri=""https://tools.ietf.org/html/rfc6750#section-3.1""', 'x-content-type-options': 'nosniff', 'x-frame-options': 'DENY', 'x-vcap-request-id': '9328a8de-d26b-4822-6aad-b277229a995a', 'x-xss-protection': '1; mode=block', 'strict-transport-security': 'max-age=31536000; includeSubDomains; preload;'}",<RequestsCookieJar[]>,,b''
401,"{'cache-control': 'no-cache, no-store, max-age=0, must-revalidate', 'content-length': '0', 'date': 'Sun, 16 Mar 2025 22:50:46 GMT', 'expires': '0', 'pragma': 'no-cache', 'server': 'SAP', 'www-authenticate': 'Bearer error=""invalid_token"", error_description=""The token is invalid: Jwt expired at 2025-03-16T22:36:31Z, time now: 2025-03-16T22:50:46.104Z"", error_uri=""https://tools.ietf.org/html/rfc6750#section-3.1""', 'x-content-type-options': 'nosniff', 'x-frame-options': 'DENY', 'x-vcap-request-id': 'f6ac10de-25cd-412f-7178-b342c422c0e3', 'x-xss-protection': '1; mode=block', 'strict-transport-security': 'max-age=31536000; includeSubDomains; preload;'}",<RequestsCookieJar[]>,,b''
401,"{'cache-control': 'no-cache, no-store, max-age=0, must-revalidate', 'content-length': '0', 'date': 'Sun, 16 Mar 2025 22:50:46 GMT', 'expires': '0', 'pragma': 'no-cache', 'server': 'SAP', 'www-authenticate': 'Bearer error=""invalid_token"", error_description=""The token is invalid: Jwt expired at 2025-03-16T22:36:31Z, time now: 2025-03-16T22:50:46.324Z"", error_uri=""https://tools.ietf.org/html/rfc6750#section-3.1""', 'x-content-type-options': 'nosniff', 'x-frame-options': 'DENY', 'x-vcap-request-id': '77b39107-637a-4a8d-6695-bf19ebf86abc', 'x-xss-protection': '1; mode=block', 'strict-transport-security': 'max-age=31536000; includeSubDomains; preload;'}",<RequestsCookieJar[]>,,b''
